Name,Symbol,Price,Volume,MarketCap,New
VODAFONE IDEA LIMITED,IDEA.NS,11.46,456360358,1243138359296,
INDIAN ENERGY EXC LTD,IEX.NS,154.78,110505447,137645899776,
BILLIONBRAINS GARAGE VN L,GROWW.NS,162.05,88542473,1000431353856,
AURI GROW INDIA LIMITED,AURIGROW.NS,0.76,59148296,506342400,
FILATEX FASHIONS LIMITED,FILATFASH.NS,0.31,47712235,2657378560,
IDFC FIRST BANK LIMITED,IDFCFIRSTB.NS,84.4,42920650,725476114432,
BLISS GVS PHARMA LTD,BLISSGVS.NS,186.64,39561902,19757844480,
DHARAN INFRA-EPC LIMITED,DHARAN.NS,0.24,29351652,1320949504,
GACM TECHNOLOGIES LIMITED,GATECH.NS,0.54,23094435,720938176,
HFCL LIMITED,HFCL.NS,69.62,23041019,106521083904,
CANARA BANK,CANBK.NS,152.96,22804644,1387446927360,
HINDUSTAN CONSTRUCTION CO,HCC.NS,19.14,21531452,50136616960,
JAIPRAKASH POWER VEN. LTD,JPPOWER.NS,17.35,18818546,118975725568,
GTL INFRA.LTD,GTLINFRA.NS,1.19,15297434,15242843136,
INFIBEAM AVENUES LIMITED,INFIBEAM.NS,16.71,14320315,58167836672,
IDBI BANK LIMITED,IDBI.NS,108.12,13111890,1162549788672,
KESORAM INDUSTRIES LTD,KESORAMIND.NS,11.33,12813027,3780235520,
GMR AIRPORTS LIMITED,GMRAIRPORT.NS,104.51,11686883,1103898214400,
INDIAN RAILWAY FIN CORP L,IRFC.NS,128.04,10916715,1673291497472,
DAVANGERE SUGAR COMPANY L,DAVANGERE.NS,4.12,10881788,5891561984,
INDIAN OIL CORP LTD,IOC.NS,162.67,10574254,2297101811712,
ASHOK LEYLAND LTD,ASHOKLEY.NS,186.12,9481813,1093241733120,
INDIAN RENEWABLE ENERGY,IREDA.NS,146.03,9078693,410369949696,
IRB INFRA DEV LTD.,IRB.NS,42.33,8667004,255692931072,
GOYAL ALUMINIUMS LIMITED,GOYALALUM.NS,9.79,8499820,1401273600,
HARDWYN INDIA LIMITED,HARDWYN.NS,19.59,8173036,9568422912,
INOX WIND LIMITED,INOXWIND.NS,122.94,8136387,212469563392,
GUJARAT KIDNEY N SUP SP L,GKSL.NS,103.71,8082787,8176833024,
GAIL (INDIA) LTD,GAIL.NS,168.48,7889661,1107769294848,
ADANI POWER LTD,ADANIPOWER.NS,146.37,7279647,2822700793856,
INDIABULLS LIMITED,IBULLSLTD.NS,14.13,5549620,32818731008,
EASY TRIP PLANNERS LTD,EASEMYTRIP.NS,7.28,5358933,26509346816,
BANK OF INDIA,BANKINDIA.NS,151.49,5033785,689683628032,
KAMDHENU LIMITED,KAMDHENU.NS,23.43,4708179,6604518912,
BANDHAN BANK LIMITED,BANDHANBNK.NS,147.64,4564055,238122401792,
KAMDHENU VENTURES LIMITED,KAMOPAINTS.NS,7.25,4416407,2287089152,
JAYASWAL NECO INDUSTR LTD,JAYNECOIND.NS,90.18,4387887,87564623872,
CAPRI GLOBAL CAPITAL LTD,CGCL.NS,184.55,4241115,177565515776,
CENTRAL BANK OF INDIA,CENTRALBK.NS,38.37,4206879,347302264832,
EXCEL REALTY N INFRA LTD,EXCEL.NS,1.35,4030175,1938855936,
EDELWEISS FIN SERV LTD,EDELWEISS.NS,112.23,4016393,106179715072,
EQUITAS SMALL FIN BNK LTD,EQUITASBNK.NS,66.67,3791365,76076449792,
JYOTI STRUCTURES LTD,JYOTISTRUC.NS,9.71,3772468,11588583424,
BAJAJ HOUSING FINANCE LTD,BAJAJHFL.NS,95.89,3684598,798630281216,
DISH TV INDIA LTD.,DISHTV.NS,4.17,3633354,7693869056,
INDIAN OVERSEAS BANK,IOB.NS,36.61,3544782,704983793664,
BELRISE INDUSTRIES LTD,BELRISE.NS,183.53,3509619,163319529472,
BRIGHTCOM GROUP LIMITED,BCG.NS,10.41,3375468,21012811776,
GANDHAR OIL REFINE IND L,GANDHAR.NS,163.66,3190651,16018963456,
BAJAJ HINDUSTHAN SUGAR LT,BAJAJHIND.NS,18.36,3026507,22871742464,
ALLCARGO LOGISTICS LTD,ALLCARGO.NS,11.23,3009210,11040114688,
DEVYANI INTERNATIONAL LTD,DEVYANI.NS,139.15,2974333,171554177024,
GUJARAT PIPAVAV PORT LTD,GPPL.NS,189.08,2819239,91408818176,
JAMNA AUTO IND LTD,JAMNAAUTO.NS,132.13,2795671,52858662912,
IRCON INTERNATIONAL LTD,IRCON.NS,177.42,2784594,166866288640,
AVANTEL LIMITED,AVANTEL.NS,163.82,2728779,43488792576,
ALOK INDUSTRIES LIMITED,ALOKINDS.NS,15.87,2698538,78843854848,
IFCI LTD,IFCI.NS,51.72,2647052,139375722496,
JM FINANCIAL LIMITED,JMFINANCIL.NS,146.69,2563899,140284903424,
EXCELSOFT TECHNOLOGIES L,EXCELSOFT.NS,87.64,2400021,0,
ADITYA BIRLA FASHION & RT,ABFRL.NS,77.29,2387169,94000832512,
GRM OVERSEAS LIMITED,GRMOVER.NS,170.82,2307375,31468595200,
DCB BANK LIMITED,DCBBANK.NS,181.6,2262231,58428878848,
ARIHANT CAPITAL MKTS LTD,ARIHANTCAP.NS,95.77,2222730,10449732608,
CAMLIN FINE SCIENCES LTD,CAMLINFINE.NS,151.18,2104349,29039652864,
ASIAN GRANITO IND. LTD.,ASIANTILES.NS,75.73,2071199,17668022272,
AEQUS LIMITED,AEQUS.NS,140.56,1983136,92046295040,
GEOJIT FINANCIAL SER L,GEOJITFSL.NS,75.2,1968890,21017804800,
KELLTON TECH SOL LTD,KELLTONTEC.NS,18.78,1944411,9912172544,
DIAMOND POWER INFRA LTD,DIACABS.NS,144.26,1852801,76020842496,
AVONMORE CAP&MGT SERV LTD,AVONMORE.NS,19.39,1843154,5594890240,
EMBASSY DEVELOPMENTS LTD,EMBDL.NS,65.49,1751521,91047813120,
ITC HOTELS LIMITED,ITCHOTELS.NS,197.36,1667319,411072004096,ðŸš€ New!
FEDBANK FINANCIAL SER L,FEDFINA.NS,163.85,1656223,61294567424,
CASTROL INDIA LIMITED,CASTROLIND.NS,190.12,1637887,188051947520,
J & K BANK LTD.,J&KBANK.NS,104.18,1595001,114721185792,
JSW CEMENT LIMITED,JSWCEMENT.NS,123.71,1544190,165067505664,
ORIENT GREEN POWER CO LTD,GREENPOWER.NS,11.63,1487489,13642358784,
FCS SOFTWARE SOLN. LTD.,FCSSOFT.NS,1.86,1412868,3179768832,
SAI SILKS (KALAMANDIR) L,KALAMANDIR.NS,133.61,1324987,19687430144,
INDRAPRASTHA GAS LTD,IGL.NS,187.08,1303999,262050463744,
FINEOTEX CHEMICAL LIMITED,FCL.NS,24.19,1285586,28071114752,
HATHWAY CABLE & DATACOM,HATHWAY.NS,12.42,1283599,21984698368,
ATAL REALTECH LIMITED,ATALREAL.NS,26.09,1260643,3249616640,
CANARA HSBC LIFE INS CO L,CANHLIFE.NS,153.12,1258786,146298257408,
FISCHER MEDICAL VENTURE L,FISCHER.NS,41.52,1239963,26950621184,
JAI BALAJI INDUSTRIES LTD,JAIBALAJI.NS,72.92,1219470,66613010432,
GACM TECHNOLOGIES LIMITED,GATECHDVR.NS,0.49,1202407,842891712,
INTEGRA ESSENTIA LIMITED,ESSENTIA.NS,1.49,1191828,1590859008,
A B INFRABUILD LIMITED,ABINFRA.NS,19.55,1188021,12488332288,
GUJ STATE FERT & CHEM LTD,GSFC.NS,184.9,1186308,73708519424,
GLOBE ENTERPRISE (I) LTD,GLOBE.NS,3.1,1076641,1396298240,
JAIN IRRIGATION SYSTEMS,JISLJALEQS.NS,40.48,1029110,29692102656,
DSJ KEEP LEARNING LTD,KEEPLEARN.NS,2.71,1027348,423497632,
AKME FINTRADE (INDIA) LTD,AFIL.NS,6.32,1025830,2703310080,
ARFIN INDIA LIMITED,ARFIN.NS,76.28,974309,12917341184,
VALOR ESTATE LIMITED,DBREALTY.NS,118.34,970568,63809449984,
AEROFLEX INDUSTRIES LTD,AEROFLEX.NS,198.39,932244,25655867392,
FABTECH TECHNOLOGIES LTD,FABTECH.NS,195.59,878372,8694130688,
AKSHAR SPINTEX LIMITED,AKSHAR.NS,0.51,861766,401608928,
BIGBLOC CONSTRUCTION LTD,BIGBLOC.NS,72.13,830690,10211858432,
INVENTURE GRO & SEC LTD,INVENTURE.NS,1.2,800905,1260000000,
HILTON-RE1.NS,HILTON-RE1.NS,2.56,773302,0,
COFFEE DAY ENTERPRISE LTD,COFFEEDAY.NS,35.46,761348,7490985472,
JAY BHARAT MARUTI LTD,JAYBARMARU.NS,102.34,739837,11120330752,
ELECTRONICS MART IND LTD,EMIL.NS,99.68,710680,38368141312,
AXITA COTTON LIMITED,AXITA.NS,10.84,707041,3773232128,
ADITYA BIRLA LIFES BRAN L,ABLBL.NS,119.49,691857,145322901504,
JINDAL SAW LIMITED,JINDALSAW.NS,170.33,684149,108528410624,
ALGOQUANT.NS,ALGOQUANT.NS,69.17,682541,0,
JTL INDUSTRIES LIMITED,JTLIND.NS,57.19,663770,22577655808,
GMR POW AND URBAN INFRA L,GMRP&UI.NS,107.88,662786,77280600064,
AEROFLEX ENTERPRISES LTD,AEROENTER.NS,85.64,659412,9712124928,
GREAVES COTTON LTD.,GREAVESCOT.NS,187.64,655646,43690958848,
GVK POW. & INFRA LTD.,GVKPIL.NS,3.07,654251,4862188032,
GUJARAT AMBUJA EXPORTS LT,GAEL.NS,135.16,653867,61993926656,
JHS SVEND. LAB. LTD,JHS.NS,10.86,623186,933943232,
ELECTROSTEEL CASTINGS LTD,ELECTCAST.NS,74.15,601290,45838389248,
HI-TECH PIPES LIMITED,HITECH.NS,91.16,599881,18487271424,
CESC LTD,CESC.NS,171.18,575799,227051257856,
INDBANK MERCH BANK,INDBANK.NS,38.15,574377,1702793856,
BALAJI TELEFILMS LIMITED.,BALAJITELE.NS,111.49,572849,13377110016,
CONFIDENCE PETRO IND LTD.,CONFIPET.NS,36.27,562082,12050382848,
BHAGYANAGAR INDIA LIMITED,BHAGYANGR.NS,181.27,559638,5839049216,
IOL CHEM AND PHARMA LTD,IOLCP.NS,82.05,535832,24083933184,
FUSION FINANCE LIMITED,FUSION.NS,176.31,510630,28512206848,
ADVANCE AGROLIFE LIMITED,ADVANCE.NS,131.0,493718,8421429248,
DHANLAXMI BANK LIMITED,DHANBANK.NS,26.35,465879,10400314368,
BLS E-SERVICES LIMITED,BLSE.NS,190.11,458752,17272727552,
IMAGICAAWORLD ENT LTD,IMAGICAA.NS,48.9,447502,27675770880,
ASHOKA BUILDCON LTD,ASHOKA.NS,169.1,441683,47485718528,
AAREY DRUGS & PHARM LTD,AAREYDRUGS.NS,69.85,436255,1980548096,
GANGA FORGING LIMITED,GANGAFORGE.NS,3.48,431421,469111744,
DELTA CORP LIMITED,DELTACORP.NS,69.25,426485,18583541760,
IRIS CLOTHINGS LIMITED,IRISDOREME.NS,35.74,423540,6100046848,
BOMBAY DYEING & MFG. CO L,BOMDYEING.NS,127.4,399958,26312546304,
INDOWIND ENERGY LTD,INDOWIND.NS,15.53,394071,2503848448,
BCL INDUSTRIES LIMITED,BCLIND.NS,31.56,388419,9315354624,
BALAXI PHARMA LTD,BALAXI.NS,28.0,383003,1545810048,
DCX SYSTEMS LIMITED,DCXINDIA.NS,188.25,382982,20972826624,
GENERIC ENG CONS PROJ LTD,GENCON.NS,42.92,366157,2445848576,
GOKUL AGRO RESOURCES LTD,GOKULAGRO.NS,173.11,364495,51082461184,
GLOBE CIVIL PROJECTS LTD,GLOBECIVIL.NS,55.51,363981,3315001600,
IL&FS INVESTMENT MANAGERS,IVC.NS,8.02,357318,2521671424,
DOLAT ALGOTECH LIMITED,DOLATALGO.NS,93.67,355219,16485919744,
KANANI INDUSTRIES LTD,KANANIIND.NS,1.71,355132,340107392,
GATEWAY DISTRIPARKS LTD,GATEWAY.NS,59.5,344190,29728808960,
HCL INFOSYSTEMS LTD,HCL-INSYS.NS,13.97,316343,4599062528,
HMA AGRO INDUSTRIES LTD,HMAAGRO.NS,28.79,315929,14417162240,
HLV LIMITED,HLVLTD.NS,9.55,310069,6295932416,
GHCL TEXTILES LIMITED,GHCLTEXTIL.NS,74.47,306249,7119202304,
DCW LTD,DCW.NS,56.21,305665,16598023168,
JAI CORP LIMITED,JAICORPLTD.NS,127.23,304622,22332702720,
DEV INFO TECHNOLOGY LTD,DEVIT.NS,36.09,300431,4066277120,
FILATEX INDIA LTD,FILATEX.NS,49.27,274193,21878755328,
DEN NETWORKS LTD,DEN.NS,31.98,273236,15246973952,
DUCON INFRATECHNOLOGIES L,DUCON.NS,3.58,264741,1163233664,
CENTRUM CAPITAL LIMITED,CENTRUM.NS,29.77,261396,13305461760,
ENVIRO INFRA ENGINEERS L,EIEL.NS,199.81,260947,35072647168,ðŸš€ New!
ESAF SMALL FINANCE BANK L,ESAFSFB.NS,26.32,259612,13569873920,
DWARIKESH SUGAR IND LTD,DWARKESH.NS,37.21,254444,6895067648,
GAYATRI HIGHWAYS LIMITED,GAYAHWS.NS,2.73,253775,654249728,
ASTRON PAPER BORD MIL LTD,ASTRON.NS,6.04,245539,295376000,
HOUSING DEV & INFRA LTD,HDIL.NS,2.25,244126,1066508992,
B.L.KASHYAP & SON LTD,BLKASHYAP.NS,52.17,241142,11761204224,
GARUDA CONSTRUCT N ENG L,GARUDA.NS,189.9,238280,17668626432,
ALANKIT LIMITED,ALANKIT.NS,10.64,236391,2889567744,
FINOLEX INDUSTRIES LTD,FINPIPE.NS,179.56,228903,111024447488,
HEMISPHERE PROP IND LTD,HEMIPROP.NS,137.62,228486,39254618112,
DEBOCK INDUSTRIES LIMITED,DIL.NS,1.71,222255,278278752,
BPL LTD,BPL.NS,65.18,217946,3192239616,
DIGITIDE SOLUTIONS LTD,DIGITIDE.NS,133.8,208950,19929432064,
ALLCARGO TERMINALS LTD,ATL.NS,27.63,205467,8064073216,
ARISINFRA SOLUTIONS LTD,ARISINFRA.NS,126.53,203522,10305729536,
DCM SHRIRAM IND LTD,DCMSRIND.NS,52.4,201198,4558390784,
KCP LTD,KCP.NS,177.12,200332,22837049344,
BAID FINSERV LIMITED,BAIDFIN.NS,10.7,199345,1605913472,
GTL LTD,GTL.NS,7.97,198232,1253655296,
CONS. CONST. CONSORT LTD,CCCL.NS,18.09,197174,8091214848,
GK ENERGY LIMITED,GKENERGY.NS,152.97,195658,31024957440,
JINDAL WORLDWIDE LTD,JINDWORLD.NS,29.13,193557,29222336512,
GPT INFRAPROJECTS LTD,GPTINFRA.NS,109.83,189890,13878624256,
3I INFOTECH LIMITED,3IINFOLTD.NS,16.69,189093,3467149568,
IND SWIFT LABORATORIES LT,INDSWFTLAB.NS,94.48,187852,7728473600,
CUBEX TUBINGS LTD,CUBEXTUB.NS,113.56,183978,1639002368,
GLOTTIS LIMITED,GLOTTIS.NS,60.19,181391,5561736192,
AHLADA ENGINEERS LIMITED,AHLADA.NS,57.91,180976,748255104,
ARKADE DEVELOPERS LIMITED,ARKADE.NS,133.69,177041,24821368832,
GIC HOUSING FINANCE LTD,GICHSGFIN.NS,177.29,175665,9619159040,
KHAITAN CHEM & FERT LTD,KHAICHEM.NS,73.77,175128,7154892800,
FUTURE ENTERPRISES LTD,FEL.NS,0.47,174415,413267584,
HIMATSINGKA SEIDE LTD,HIMATSEIDE.NS,111.86,173565,14065531904,
AKI INDIA LIMITED,AKI.NS,6.32,170186,658705536,
APTECH LIMITED,APTECHT.NS,91.61,169498,5333079552,
ASHIMA LTD,ASHIMASYN.NS,17.9,166582,3430715392,
BODHI TREE MULTIMEDIA LTD,BTML.NS,8.18,165015,1476471808,
DJ MEDIAPRINT & LOG LTD,DJML.NS,69.8,162362,2404867072,
NANDANI CREATION LIMITED,JAIPURKURT.NS,39.2,161707,676654976,
GUJ IND POW CO. LTD,GIPCL.NS,157.9,160865,24508596224,
FOCUS LIGHTG & FIXTRS LTD,FOCUS.NS,82.65,158443,5548775936,
JAGRAN PRAKASHAN LIMITED,JAGRAN.NS,70.98,158312,15449101312,
ALEMBIC LIMITED,ALEMBICLTD.NS,100.66,155970,25847658496,
BODAL CHEMICALS LTD,BODALCHEM.NS,52.34,153119,6603659264,
KAVVERI DFS & WIR TEC LTD,KAVDEFENCE.NS,77.7,152226,2670880000,
CENTURY EXTRUSIONS LTD,CENTEXT.NS,23.93,152155,1920744320,
HINDUSTAN OIL EXPLORATION,HINDOILEXP.NS,155.36,151467,20545316864,
ANTARCTICA LTD,ANTGRAPHIC.NS,1.02,149400,158109792,
BHANDARI HOSIERY EXP LTD,BHANDARI.NS,4.2,148402,1023451392,
A2Z INFRA ENGINEERING LTD,A2ZINFRA.NS,15.21,146465,2686731776,
BHANSALI ENG. POLYMERS LT,BEPL.NS,88.8,144114,22098632704,
HIGHWAY INFRASTRUCTURE L,HILINFRA.NS,60.1,139233,4315825152,
B.A.G FILMS AND MEDIA LTD,BAGFILMS.NS,6.24,139178,1235008896,
AARVI ENCON LIMITED,AARVI.NS,133.95,136152,1983893248,
HILTON METAL FORGING LTD,HILTON.NS,33.7,130385,891361600,
INDIA PESTICIDES LIMITED,IPL.NS,171.64,128108,19800039424,
BHARAT ROAD NETWORK LTD,BRNL.NS,22.21,127544,1864529408,
JTEKT INDIA LIMITED,JTEKTINDIA.NS,159.2,126229,44291497984,
AUTOLINE INDUSTRIES LTD,AUTOIND.NS,79.24,125652,3595546624,
EXICOM TELE SYSTEMS LTD,EXICOM.NS,114.35,122368,15909617664,
DEV ACCELERATOR LIMITED,DEVX.NS,41.74,121610,3764427264,
KIRLOSKAR ELECTRIC CO LTD,KECL.NS,100.76,120974,6725361664,
ARSHIYA LIMITED,ARSHIYA.NS,1.28,119776,337249184,
BRIGADE HOTEL VENTURE LTD,BRIGHOTEL.NS,67.76,116596,25738133504,
ESSAR SHIPPING LTD,ESSARSHPNG.NS,25.99,115916,5381403648,
GULSHAN POLYOLS LIMITED,GULPOLY.NS,152.09,112962,9457476608,
ABAN OFFSHORE LTD.,ABAN.NS,18.94,112465,1105439232,
GEM AROMATICS LIMITED,GEMAROMA.NS,164.6,111618,8598233088,
AGS TRANSACT TECH LTD,AGSTRA.NS,4.07,110395,528104672,
ACCURACY SHIPPING LIMITED,ACCURACY.NS,5.72,103146,861203200,
GSS INFOTECH LIMITED,GSS.NS,16.08,99666,415639616,
ALLIED DIGITAL SERV. LTD,ADSL.NS,149.68,96042,8459034112,
DHAMPUR SUGAR MILLS LTD.,DHAMPURSUG.NS,123.67,96029,7952785920,
EVEREST KANTO CYLINDERLTD,EKC.NS,115.82,95715,13015529472,
FOODS & INNS LIMITED,FOODSIN.NS,69.65,95696,5139740672,
ANDHRA PAPER LIMITED,ANDHRAPAP.NS,67.06,92872,13334893568,
CAPITAL INDIA FINANCE LTD,CIFL.NS,34.2,92824,13362750464,
AJOONI BIOTECH LIMITED,AJOONI.NS,4.28,91273,737202624,
CORAL INDIA FIN & HOUS LT,CORALFINAC.NS,39.7,90830,1599998336,
INDO RAMA SYNTHETICS LTD,INDORAMA.NS,46.55,90538,12154817536,
BAJEL PROJECTS LIMITED,BAJEL.NS,177.64,89077,20561297408,
ANSAL PROP & INFRA LTD,ANSALAPI.NS,3.2,89044,510294240,
ALMONDZ GLOBAL SEC LTD,ALMONDZ.NS,18.6,88777,3237047040,
BHARAT WIRE ROPES LTD.,BHARATWIRE.NS,181.23,88361,12429595648,
GLOBAL EDUCATION LIMITED,GLOBAL.NS,84.93,86372,4323064320,
GENUS P&B LIMITED,GENUSPAPER.NS,12.98,85746,3337494528,
JAYKAY ENTERPRISES LTD,JAYKAY.NS,191.91,84673,0,
ANDHRA SUGARS LTD,ANDHRSUGAR.NS,74.07,83401,10049636352,
ANLON HEALTHCARE LIMITED,AHCL.NS,147.68,83107,7849413120,
AMANTA HEALTHCARE LIMITED,AMANTA.NS,114.02,81956,4427322368,
EXXARO TILES LIMITED,EXXARO.NS,7.9,80669,3534544384,
BALMER LAWRIE & CO LTD,BALMLAWRIE.NS,182.94,79354,31283443712,
BARTRONICS INDIA LIMITED,ASMS.NS,12.01,79027,3657966592,
ADROIT INFOTECH LIMITED,ADROITINFO.NS,10.18,78620,586890368,
ELGI RUBBER CO. LTD,ELGIRUBCO.NS,40.48,78301,2026023936,
KCP SUGAR IND CORP LTD.,KCPSUGIND.NS,25.61,76929,2903791104,
BMW VENTURES LIMITED,BMWVENTLTD.NS,56.22,76679,4875117568,
DPSC LIMITED,DPSCLTD.NS,10.01,76578,9747634176,
HP ADHESIVES LIMITED,HPAL.NS,41.23,75441,3807050496,
DREAMFOLKS SERVICES LTD,DREAMFOLKS.NS,107.25,73562,5713192960,
BOROSIL SCIENTIFIC LTD,BOROSCI.NS,123.16,73185,10976216064,
HINDUSTAN MEDIA VENT LTD,HMVL.NS,68.85,72572,5061495296,
THE BYKE HOSPITALITY LTD,BYKE.NS,56.22,72182,2939142400,
ARO GRANITE IND. LTD.,AROGRANITE.NS,30.17,71364,463809632,
CL EDUCATE LIMITED,CLEDUCATE.NS,82.12,70484,4452871680,
BANNARI AM SPIN MILL LTD.,BASML.NS,25.69,68793,2053180160,
COASTAL CORPORATION LTD,COASTCORP.NS,46.25,66412,3136536576,
AARTECH SOLONICS LIMITED,AARTECH.NS,53.76,65465,1707975424,
HT MEDIA LIMITED,HTMEDIA.NS,24.06,64893,5565560320,
BHARAT SEATS LIMITED,BHARATSE.NS,169.86,62127,10676100096,
SRI HAVISHA HOSP & INFR L,HAVISHA.NS,1.79,60496,545710336,
SHREE TIRUPATI BALAJEE L,BALAJEE.NS,39.64,59964,3233468416,
ESTER INDUSTRIES LTD,ESTER.NS,98.89,59762,9660007424,
INDOGULF CROPSCIENCES LTD,IGCL.NS,81.28,59262,5138846720,
JET FREIGHT LOGISTICS LTD,JETFREIGHT.NS,16.42,58720,761950144,
GINNI FILAMENTS LTD,GINNIFILA.NS,44.0,58325,3801755136,
HEIDELBERGCEMENT (I) LTD,HEIDELBERG.NS,174.14,56140,39465578496,
AKSH OPTIFIBRE LIMITED,AKSHOPTFBR.NS,6.33,55490,1029878144,
INCREDIBLE INDUSTRIES LTD,INCREDIBLE.NS,37.84,55229,1828496512,
GPT HEALTHCARE LIMITED,GPTHEALTH.NS,140.72,49748,11546755072,
BLB LIMITED,BLBLIMITED.NS,13.73,49470,725839936,
ATLANTAA LIMITED,ATLANTAA.NS,47.02,49241,3841782784,
DIGISPICE TECHNOLOGIES LT,DIGISPICE.NS,23.62,48696,4922485248,
BLUSPRING ENTERPRISES LTD,BLUSPRING.NS,65.2,48557,9715335168,
CINEVISTA LIMITED,CINEVISTA.NS,17.69,47840,1016051264,
EQUIPPP SOC IMP TECH LTD,EQUIPPP.NS,22.38,47682,2344187392,
AAKASH EXPLORATION SER L,AAKASH.NS,8.7,47549,880875008,
AVT NATURAL PRODUCTS LTD,AVTNPL.NS,65.48,45997,9971556352,
GVP INFOTECH LIMITED,GVPTECH.NS,8.58,44916,1414659968,
FUTURE MKT NETWORKS LTD,FMNL.NS,8.78,44303,534058240,
ECOS (INDIA) MOB & HOSP L,ECOSMOBLTY.NS,197.81,42786,11868600320,
COUNTRY CLUB HOSP HOL LTD,CCHHL.NS,14.9,42465,2435624448,
COUNTRY CONDO S LIMITED,COUNCODOS.NS,5.93,41877,462240416,
INTL CONVEYORS LIMITED,INTLCONV.NS,88.01,41142,5644154880,
GENSOL ENGINEERING LTD,GENSOL.NS,26.26,40472,1009986496,
BHARAT GEARS LTD.,BHARATGEAR.NS,108.71,40401,1671494528,
CEREBRA INT TECH LTD,CEREBRAINT.NS,6.7,37957,834703104,
GEEKAY WIRES LIMITED,GEEKAYWIRE.NS,33.05,37207,3454385920,
AGRO PHOS INDIA LIMITED,AGROPHOS.NS,38.75,36694,785622016,
AVRO INDIA LIMITED,AVROIND.NS,122.06,36030,1624746752,
AION-TECH SOLUTIONS LTD,GOLDTECH.NS,50.67,35894,2651991808,
JAGSONPAL PHARMACEUTICALS,JAGSNPHARM.NS,191.55,35118,12809516032,
GANESH BENZOPLAST LIMITED,GANESHBE.NS,81.16,34869,5847921664,
KHADIM INDIA LIMITED,KHADIM.NS,183.35,34151,3375990784,
AUSOM ENTERPRISE LIMITED,AUSOMENT.NS,108.94,32927,1484149760,
GLOBAL SURFACES LIMITED,GSLSU.NS,99.49,32860,4219785472,
ADITYA BIRLA MONEY LTD,BIRLAMONEY.NS,143.51,32343,8109635072,
DILIGENT MEDIA CORP LTD.,DNAMEDIA.NS,3.72,32230,437873824,
ANDHRA CEMENTS LIMITED,ACL.NS,68.08,32086,6336300032,
ISHAN DYES N CHEMICALS L,ISHANCH.NS,64.1,32054,1701163904,
ELIN ELECTRONICS LIMITED,ELIN.NS,157.86,31386,7846194688,
INTENSE TECHNOLOGIES LTD,INTENTECH.NS,115.99,31098,2711777024,
CHEMBOND MATERIALTECH LTD,CHEMBOND.NS,158.07,31064,2168609280,
GP PETROLEUMS LIMITED,GULFPETRO.NS,35.32,30980,1812057088,
INDO AMINES LIMITED,INDOAMIN.NS,125.27,30631,9102873600,
DHAMPUR BIO ORGANICS LTD,DBOL.NS,78.98,29766,5198446592,
IKIO TECHNOLOGIES LIMITED,IKIO.NS,180.18,29668,13924436992,
ANUH PHARMA LIMITED,ANUHPHR.NS,78.16,29029,7866355200,
AURUM PROPTECH LIMITED,AURUM.NS,185.39,28858,13108489216,
DEEPAK BUILDERS & ENG I L,DBEIL.NS,115.68,28757,5388473856,
JINKUSHAL INDUSTRIES LTD,JKIPL.NS,87.29,28314,3350713856,
CALIFORNIA SOFTWARE CO LT,CALSOFT.NS,15.61,28292,965141696,
CROWN LIFTERS LIMITED,CROWN.NS,130.6,27064,1465768960,
AIRAN LIMITED,AIRAN.NS,17.88,27004,2235357440,
GFL LIMITED,GFLLIMITED.NS,57.89,25395,6400841216,
CAPITAL TRUST LIMITED,CAPTRUST.NS,13.6,24565,460907488,
AEROFLEX NEU LIMITED,AERONEU.NS,75.19,24523,1946690816,
BANG OVERSEAS LTD.,BANG.NS,48.01,24379,664536704,
BROOKS LAB LIMITED,BROOKS.NS,75.84,24221,2247350272,
BARAK VALLEY CEM. LTD.,BVCL.NS,45.3,23706,1011901952,
ANIK INDUSTRIES LTD,ANIKINDS.NS,50.68,23704,1413824768,
ANMOL INDIA LIMITED,ANMOL.NS,14.15,23035,810438720,
BEDMUTHA INDUST LTD,BEDMUTHA.NS,119.41,22857,3890454272,
INDO US BIOTECH LTD,INDOUS.NS,119.45,22253,2453340416,
DIGIDRIVE DISTRIBUTORS L,DIGIDRIVE.NS,26.57,21991,1024217024,
COMPUCOM SOFTWARE LTD,COMPUSOFT.NS,15.91,21945,1260265856,
HEADS UP VENTURES LIMITED,HEADSUP.NS,8.93,21689,197197696,
AVG LOGISTICS LIMITED,AVG.NS,174.98,21540,2634799872,
KANPUR PLASTIPACK LIMITED,KANPRPLA.NS,180.13,21392,4325364224,
CELEBRITY FASHIONS LTD,CELEBRITY.NS,8.63,21254,516426752,
DANGEE DUMS LIMITED,DANGEE.NS,3.56,20990,548151040,
DCM NOUVELLE LIMITED,DCMNVL.NS,130.95,20574,2461528832,
ENERGY DEVE. CO.LTD,ENERGYDEV.NS,19.9,20401,951235712,
ANKIT MET & POW LTD,ANKITMETAL.NS,1.77,20147,249765568,
BHAGERIA INDUSTRIES LTD,BHAGERIA.NS,180.12,19592,7884365312,
ANJANI PORTLAND CEM LTD,APCL.NS,133.7,19522,4013689856,
INFOMEDIA PRESS LIMITED,INFOMEDIA.NS,6.51,19152,329017632,
CORDS CABLE INDUS LTD.,CORDSCABLE.NS,181.5,19152,2349234688,
IL&FS TRANS NET LTD,IL&FSTRANS.NS,2.93,18874,963852928,
BANSWARA SYNTEX LIMITED,BANSWRAS.NS,113.28,18755,3880259584,
ADVANI HOT.& RES.(I) LTD,ADVANIHOTR.NS,56.79,18126,5249582080,
CREATIVE EYE LIMITED,CREATIVEYE.NS,7.17,17655,147138496,
FLEXITUFF VENTURES INT L,FLEXITUFF.NS,12.96,17533,450928320,
FINKURVE FINANCIAL SERV L,FINKURVE.NS,96.14,16974,13585735680,
DRC SYSTEMS INDIA LIMITED,DRCSYSTEMS.NS,17.58,16688,2557655040,
GOKUL REFOILS & SOLV LTD,GOKUL.NS,39.24,16513,3884563968,
IL&FS ENG AND CONS CO LTD,IL&FSENGG.NS,26.28,16416,3445862144,
FIBERWEB INDIA LIMITED,FIBERWEB.NS,35.21,15802,1013756096,
FUT LIFESTYLE FASH LTD,FLFL.NS,1.5,15635,302662336,
AMJ LAND HOLDINGS LIMITED,AMJLAND.NS,51.7,15523,2119699968,
BIRLA CABLE LIMITED,BIRLACABLE.NS,135.47,15227,4064100096,
JAYSHREE TEA & INDUSTRIES,JAYSREETEA.NS,87.01,14806,2519091712,
IMPEX FERRO TECH LIMITED,IMPEXFERRO.NS,1.78,14686,159042736,
BEARDSELL LIMITED,BEARDSELL.NS,29.35,14319,1157475968,
ATAM VALVES LIMITED,ATAM.NS,84.36,14160,967018688,
AARON INDUSTRIES LIMITED,AARON.NS,173.08,13345,3625416448,
CP CAPITAL LIMITED,CPCAP.NS,110.94,13263,2018324864,
CHEMBOND CHEMICAL LIMITED,CHEMBONDCH.NS,153.62,13159,4131851776,
HINDCON CHEMICALS LIMITED,HINDCON.NS,26.13,12911,1337611008,
ENTERTAIN NET. IND. LTD.,ENIL.NS,120.12,12591,5726170624,
BOMBAY SUPER HYBRID SEEDS,BSHSL.NS,104.71,12247,10987982848,
DHRUV CONSULTANCY SER LTD,DHRUV.NS,45.46,12181,866014272,
EURO PANEL PRODUCTS LTD,EUROBOND.NS,176.52,12121,4324740096,
DONEAR IND. LIMITED,DONEAR.NS,92.68,11805,4819360256,
IND TERRAIN FASHIONS LTD,INDTERRAIN.NS,34.58,11730,1759026048,
INDUSTRIAL INV TRUST LTD,IITL.NS,155.42,11392,3504340224,
INTRASOFT TECH. LTD,ISFT.NS,90.68,11191,1479143040,
GTPL HATHWAY LIMITED,GTPL.NS,98.88,10834,11120345088,
ASHOKA METCAST LIMITED,ASHOKAMET.NS,15.51,10824,387687968,
GLOBALE TESSILE LIMITED,GLOBALE.NS,12.28,10744,132448704,
EMAMI PAPER MILLS LIMITED,EMAMIPAP.NS,86.31,10642,5224977920,
AAA TECHNOLOGIES LIMITED,AAATECH.NS,94.62,10165,1213671808,
GANGES SECURITIES LIMITED,GANGESSECU.NS,133.91,9537,1361375872,
CYBERTECH SYSTEMS & SOFTW,CYBERTECH.NS,144.58,8718,4500860928,
AKASH INFRA-PROJECTS LTD,AKASH.NS,24.13,8690,406892992,
BALKRISHNA PAPER MILLS L,BALKRISHNA.NS,18.71,8648,602827392,
DIGICONTENT LIMITED,DGCONTENT.NS,32.19,8542,1867741568,
EMMBI INDUSTRIES LIMITED,EMMBI.NS,97.88,7975,1890492416,
DCM LTD,DCM.NS,91.39,7822,1712049024,
AYM SYNTEX LIMITED,AYMSYNTEX.NS,164.67,7821,9671629824,
AMD INDUSTRIES LIMITED,AMDIND.NS,47.52,7401,910803904,
COMMERCIAL SYN BAGS LTD,COMSYN.NS,150.88,7309,6027987968,
CINELINE INDIA LIMITED,CINELINE.NS,86.05,6984,2948626688,
21ST CENTURY MGMT SERVICE,21STCENMGM.NS,47.5,6865,498750016,
HARRISON MALAYALAM LTD,HARRMALAYA.NS,168.04,6655,3101245952,
BOHRA INDUSTRIES LIMITED,BOHRAIND.NS,16.64,6619,171344608,
ALPA LABORATORIES LTD,ALPA.NS,76.45,6469,1609644544,
KHANDWALA SECURITIES LTD,KHANDSE.NS,20.47,6444,312245376,
INSPIRISYS SOLUTIONS LTD,INSPIRISYS.NS,86.51,6420,3427255808,
BSL LTD,BSL.NS,146.3,6380,1514732416,
EMAMI REALTY LIMITED,EMAMIREAL.NS,81.55,6345,3574653696,
HEC INFRA PROJECTS LTD,HECPROJECT.NS,118.79,6148,1287465088,
AKG EXIM LIMITED,AKG.NS,12.38,6119,393394016,
COMPUAGE INFOCOM LTD,COMPINFO.NS,1.58,5944,140296384,
DIGJAM LTD,DIGJAMLMTD.NS,52.22,5924,1063002688,
RAJDARSHAN INDUSTRIES LTD,ARENTERP.NS,45.05,5810,140028912,
BANKA BIOLOO LIMITED,BANKA.NS,65.93,5710,716936448,
G-TEC JAINX EDUCATION LTD,GTECJAINX.NS,23.26,5593,236998448,
JAYANT AGRO ORGANICS LTD,JAYAGROGN.NS,199.78,5319,5993399808,ðŸš€ New!
HMT LTD -,HMT.NS,47.83,5063,57591705600,
3P LAND HOLDINGS LIMITED,3PLAND.NS,37.4,5039,0,
AGRI-TECH (INDIA) LIMITED,AGRITECH.NS,151.77,4828,901513856,
HISAR METAL IND. LIMITED,HISARMETAL.NS,167.84,4668,906336000,
CAMBRIDGE TECH ENTER LTD,CTE.NS,38.92,4607,751664704,
KARMA ENERGY LIMITED,KARMAENG.NS,49.01,4568,577672512,
JAIN DVR EQUITY SHARES,JISLDVREQS.NS,27.87,4427,35926228992,
DAMODAR INDUSTRIES LTD,DAMODARIND.NS,29.71,4360,692243008,
GOLDEN TOBACCO LIMITED,GOLDENTOBC.NS,31.91,4024,574204736,
DHUNSERI TEA & IND. LTD.,DTIL.NS,161.77,4023,1712667264,
ARCHIES LTD,ARCHIES.NS,18.37,3998,620538624,
ARCHIDPLY IND. LTD,ARCHIDPLY.NS,90.15,3919,1790829824,
BIL VYAPAR LIMITED,BILVYAPAR.NS,7.49,3779,234932656,
DCM FINANCIAL SERVICES LT,DCMFINSERV.NS,5.27,3665,117447032,
CYBER MEDIA (INDIA) LTD.,CYBERMEDIA.NS,17.18,3498,357854592,
ASIAN HOTELS (EAST) LTD,AHLEAST.NS,145.02,3362,2516926208,
KANORIA CHEMICALS & INDUS,KANORICHEM.NS,76.25,3309,3331616512,
JOCIL LIMITED,JOCIL.NS,144.24,3263,1281017216,
HANDSON GBL MNGMNT LTD,HGM.NS,65.73,3108,840892672,
JULLUNDUR MOT AGENCY LTD,JMA.NS,80.33,3007,1834821888,
BIOFIL CHEM & PHARMA LTD,BIOFILCHEM.NS,34.46,2940,564027392,
CONSO. FIN. & HOLD. LTD.,CONSOFINVT.NS,163.27,2829,5277925888,
HB STOCKHOLDINGS LIMITED,HBSL.NS,72.16,2801,521247008,
BAFNA PHARMACEUTICALS LTD,BAFNAPH.NS,145.54,2775,3442942976,
BAL PHARMA LTD.,BALPHARMA.NS,73.51,2745,1171190272,
HITECH CORPORATION LTD,HITECHCORP.NS,168.34,2714,2891357184,
AIRO LAM LIMITED,AIROLAM.NS,101.41,2694,1521352832,
AMINES & PLASTICIZERS LTD,AMNPLST.NS,195.97,2614,10782269440,
HYBRID FINANCIAL SERVICE,HYBRIDFIN.NS,18.98,2480,564270080,
ACE INTEGRATED SOLU. LTD.,ACEINTEG.NS,21.97,2432,224094000,
ARVEE LABORATORIES I LTD,ARVEE.NS,193.17,2245,2128733440,
DELTA MANUFACTURING LTD,DELTAMAGNT.NS,66.78,2090,735522688,
KHAITAN (INDIA)LTD.,KHAITANLTD.NS,100.77,2021,484066720,
GILLANDERS ARBUTHNOT LTD,GILLANDERS.NS,104.7,1990,2234543616,
GLOBAL VEC HELICORP LTD,GLOBALVECT.NS,195.18,1974,2732519936,
ALKALI METALS LTD,ALKALI.NS,78.64,1860,804886528,
BLUE COAST HOTELS LIMITED,BLUECOAST.NS,34.06,1822,585575104,
ART NIRMAN LIMITED,ARTNIRMAN.NS,47.5,1802,1185410048,
GUJARAT RAFFIA INDUST LTD,GUJRAFFIA.NS,50.0,1764,0,
HEXA TRADEX LIMITED,HEXATRADEX.NS,163.13,1731,9138094080,
ABM INTERNATIONAL LTD,ABMINTLLTD.NS,42.5,1519,399840000,
IVP LTD,IVP.NS,150.02,1488,1579319040,
DB (INT) STOCK BROKERS,DBSTOCKBRO.NS,24.96,1324,873599936,
ATLAS CYCLE (HARYANA) LTD,ATLASCYCLE.NS,102.01,1317,670644032,
ARCHIDPLY DECOR LIMITED,ADL.NS,75.9,1203,422478368,
B&B TRIPLEWALL CONT LTD,BBTCL.NS,191.52,1124,3928312832,
EUROTEX IND & EXPORTS LTD,EUROTEXIND.NS,13.6,1111,119749432,
BANARAS BEADS LTD,BANARBEADS.NS,124.98,1040,834005184,
KAKATIYA CEM SUGAR &IND L,KAKATCEM.NS,127.13,919,988290560,
KALYANI COMMERCIALS LTD,KALYANI.NS,138.09,500,138090000,
AMBICA AGAR & AROMAINDLTD,AMBICAAGAR.NS,25.13,328,435841824,
HINDPRAKASH INDUSTRY LTD,HPIL.NS,139.85,318,1597661952,
FUTURE ENTERPRISES LTD,FELDVR.NS,3.19,172,1576833280,
ICDS LTD,ICDSLTD.NS,42.32,145,551289920,
CURA TECHNOLOGIES LIMITED,CURAA.NS,109.86,37,1210853632,
