Name,Symbol,Price,Volume,MarketCap
AAKASH EXPLORATION SER L,AAKASH.NS,12.11,916424,1226137472
3I INFOTECH LIMITED,3IINFOLTD.NS,25.82,489861,4385010688
A2Z INFRA ENGINEERING LTD,A2ZINFRA.NS,20.37,382980,3607302912
AAREY DRUGS & PHARM LTD,AAREYDRUGS.NS,62.2,256382,1763637504
ABAN OFFSHORE LTD.,ABAN.NS,57.68,92981,3366510592
3P LAND HOLDINGS LIMITED,3PLAND.NS,50.44,14618,0
AARVEE DEN. & EXP. LTD,AARVEEDEN.NS,147.21,13539,3810369024
21ST CENTURY MGMT SERVICE,21STCENMGM.NS,62.45,11176,664574144
AARVI ENCON LIMITED,AARVI.NS,110.03,5685,1626683520
